data,model,attack,adv_param,defence,acc_no_def_mean,acc_no_def_std,acc_on_adv_mean,acc_on_adv_std,fpr_mean,fpr_std
banknote,tree,boundary,0,baard,0.0,0.0,0.98365121047317,0.012840168724033436,0.0162812790639701,0.008290879089377631
banknote,tree,boundary,0,magnet,0.0,0.0,0.6024448341971895,0.08076884774082947,0.00103092783505154,0.0023052247190719338
banknote,tree,boundary,0,rc,0.0,0.0,0.894317101643202,0.05746449391678322,0.00914841352478726,0.00745429139935836
banknote,tree,tree,0,baard,0.0,0.0,0.9413178050880555,0.03349944514751986,0.0162812790639701,0.008290879089377631
banknote,tree,tree,0,magnet,0.0,0.0,0.5085171067682113,0.07917163616999855,0.00103092783505154,0.0023052247190719338
banknote,tree,tree,0,rc,0.0,0.0,0.42319787478108534,0.18167233016079587,0.00914841352478726,0.00745429139935836
