data,model,attack,adv_param,acc_no_def_mean,acc_no_def_std,acc_on_adv_1_mean,acc_on_adv_1_std,fpr_1_mean,fpr_1_std,acc_on_adv_2_mean,acc_on_adv_2_std,fpr_2_mean,fpr_2_std,acc_on_adv_3_mean,acc_on_adv_3_std,fpr_3_mean,fpr_3_std
banknote,tree,boundary,0,0.0,0.0,0.16423629174526516,0.12760863016718188,0.00712763267680708,0.004572146953658233,0.9226889159337114,0.04737187785293198,0.01428650395628138,0.006742091113313397,0.9898420642928898,0.007147194882776792,0.01832198749643112,0.007687219918133033
banknote,tree,tree,0,0.0,0.0,0.0523615273615273,0.06153655769893682,0.00712763267680708,0.004572146953658233,0.8926196819053962,0.04508748546878907,0.01428650395628138,0.006742091113313397,0.9259530152387296,0.01719730292260282,0.01832198749643112,0.007687219918133033
