data,model,attack,adv_param,defence,acc_no_def_mean,acc_no_def_std,acc_on_adv_mean,acc_on_adv_std,fpr_mean,fpr_std
breastcancer,tree,boundary,0,baard,0.0,0.0,0.9610273667426542,0.027846999225993877,0.0654574154223523,0.05723172159908247
breastcancer,tree,boundary,0,magnet,0.0,0.0,0.9539170273391872,0.023958042014444722,0.015148292567647405,0.023591244056964496
breastcancer,tree,boundary,0,rc,0.0,0.0,0.9345898491410412,0.03529471263668189,0.00894105894105894,0.012245914632529513
breastcancer,tree,tree,0,baard,0.0,0.0,0.9285812714634594,0.05385442055860946,0.0654574154223523,0.05723172159908247
breastcancer,tree,tree,0,magnet,0.0,0.0,0.9407975965128841,0.021650482951366776,0.015148292567647405,0.023591244056964496
breastcancer,tree,tree,0,rc,0.0,0.0,0.7594556331933612,0.17846031930547704,0.00894105894105894,0.012245914632529513
