data,model,attack,adv_param,acc_no_def_mean,acc_no_def_std,acc_on_adv_1_mean,acc_on_adv_1_std,fpr_1_mean,fpr_1_std,acc_on_adv_2_mean,acc_on_adv_2_std,fpr_2_mean,fpr_2_std,acc_on_adv_3_mean,acc_on_adv_3_std,fpr_3_mean,fpr_3_std
breastcancer,tree,boundary,0,0.0,0.0,0.6948238647747764,0.11773676794749556,0.03699206356990366,0.03433200032184503,0.6969744024091851,0.12011415245228658,0.052168016649082515,0.055313099526465036,0.9610273667426542,0.027846999225993877,0.06545741542235228,0.05723172159908246
breastcancer,tree,tree,0,0.0,0.0,0.6881402141570444,0.10620534782674963,0.03699206356990366,0.03433200032184503,0.6924412894258616,0.11141363077023647,0.052168016649082515,0.055313099526465036,0.9285812714634594,0.05385442055860946,0.06545741542235228,0.05723172159908246
