data,model,attack,adv_param,acc_no_def_mean,acc_no_def_std,acc_on_adv_1_mean,acc_on_adv_1_std,fpr_1_mean,fpr_1_std,acc_on_adv_2_mean,acc_on_adv_2_std,fpr_2_mean,fpr_2_std,acc_on_adv_3_mean,acc_on_adv_3_std,fpr_3_mean,fpr_3_std
htru2,tree,boundary,0,0.0,0.0,0.03725,0.02383799488212043,0.0006000000000000001,0.0013416407864998738,0.0755,0.0427746030567984,0.001,0.0017320508075688772,0.7069999999999999,0.12624843233350133,0.0012000000000000001,0.0017888543819998318
htru2,tree,tree,0,0.0018,0.004024922359499621,0.025,0.015540270267920053,0.0006000000000000001,0.0013416407864998738,0.29799999999999993,0.2811654317301471,0.001,0.0017320508075688772,0.7323999999999999,0.10596839151369618,0.0012000000000000001,0.0017888543819998318
