data,model,attack,adv_param,defence,acc_no_def_mean,acc_no_def_std,acc_on_adv_mean,acc_on_adv_std,fpr_mean,fpr_std
htru2,tree,boundary,0,baard,0.0,0.0,0.7069999999999999,0.12624843233350133,0.0012000000000000001,0.0017888543819998318
htru2,tree,boundary,0,magnet,0.0,0.0,0.9592499999999999,0.00585234995535978,0.002,0.00291547594742265
htru2,tree,boundary,0,rc,0.0,0.0,0.9873999999999998,0.0049799598391955064,0.004600000000000001,0.0011401754250991382
htru2,tree,tree,0,baard,0.0018,0.004024922359499621,0.7323999999999999,0.10596839151369618,0.0012000000000000001,0.0017888543819998318
htru2,tree,tree,0,magnet,0.0018,0.004024922359499621,0.9506,0.04724722214056607,0.002,0.00291547594742265
htru2,tree,tree,0,rc,0.0018,0.004024922359499621,0.93,0.03366006535941362,0.005200000000000001,0.0017888543819998316
