,data,model,attack,adv_param,acc_no_def,acc_on_adv,fpr
0,breastcancer,svm,bim,0.05,0.7676767676767676,0.7777777777777778,0.0
1,breastcancer,svm,bim,0.1,0.30303030303030304,0.32323232323232326,0.0
2,breastcancer,svm,bim,0.2,0.030303030303030304,0.030303030303030304,0.010101010101010102
3,breastcancer,svm,bim,0.4,0.0,0.0,0.0
4,breastcancer,svm,bim,0.6,0.0,0.0,0.0
5,breastcancer,svm,bim,0.8,0.0,0.0,0.0
6,breastcancer,svm,bim,1.0,0.0,0.0,0.0
7,breastcancer,svm,bim,1.2,0.0,0.0,0.0
8,breastcancer,svm,bim,1.4,0.0,0.0,0.010101010101010102
